{"cameraMode":{"drawMode":0,"name":"Shaded","section":"Shading Mode"},"sceneLighting":false,"audioPlay":false,"sceneViewState":{"showFog":true,"showMaterialUpdate":false,"showSkybox":false,"showFlares":true,"showImageEffects":true,"showParticleSystems":true},"in2DMode":false,"pivot":{"x":-0.36031341552734377,"y":5.729398727416992,"z":2.689814567565918},"rotation":{"x":-0.08332289010286331,"y":0.9000917077064514,"z":-0.19779343903064729,"w":-0.3791729211807251},"size":17.19186019897461,"orthographic":false}