{"cameraMode":{"drawMode":0,"name":"Shaded","section":"Shading Mode"},"sceneLighting":false,"audioPlay":false,"sceneViewState":{"showFog":true,"showMaterialUpdate":false,"showSkybox":false,"showFlares":true,"showImageEffects":true,"showParticleSystems":true},"in2DMode":false,"pivot":{"x":0.17141246795654298,"y":0.0,"z":-0.7009775638580322},"rotation":{"x":0.17056620121002198,"y":-0.6854614019393921,"z":0.17014504969120027,"w":0.6871150135993958},"size":7.241693496704102,"orthographic":false}