{"cameraMode":{"drawMode":0,"name":"Shaded","section":"Shading Mode"},"sceneLighting":true,"audioPlay":false,"sceneViewState":{"showFog":true,"showMaterialUpdate":false,"showSkybox":true,"showFlares":true,"showImageEffects":true,"showParticleSystems":true},"in2DMode":false,"pivot":{"x":7.046627044677734,"y":2.557497024536133,"z":2.1683130264282228},"rotation":{"x":-0.004899495281279087,"y":0.9936299920082092,"z":-0.10201463103294373,"w":-0.047744765877723697},"size":3.1010403633117677,"orthographic":false}