{"cameraMode":{"drawMode":0,"name":"Shaded","section":"Shading Mode"},"sceneLighting":true,"audioPlay":false,"sceneViewState":{"showFog":true,"showMaterialUpdate":false,"showSkybox":true,"showFlares":true,"showImageEffects":true,"showParticleSystems":true},"in2DMode":false,"pivot":{"x":-2.0633316040039064,"y":0.3169288635253906,"z":7.212982177734375},"rotation":{"x":-0.23228392004966737,"y":-0.6831181645393372,"z":0.24503183364868165,"w":-0.6475863456726074},"size":23.54216766357422,"orthographic":false}